SeqID,delta13C_31_Avg,FloweringDays,CMT2,FBX5,VIM2_4_DEL,FRI
12766,-32.81099369,NA,Ancestral,Ancestral,Derived,Ancestral
12911,-33.46910019,33.5,Ancestral,Derived,Derived,Derived
12912,-33.83555435,NA,Ancestral,Ancestral,Derived,Ancestral
12914,NA,NA,Ancestral,Ancestral,Derived,Ancestral
13172,-33.96451767,33,Ancestral,Derived,Derived,Derived
13173,-33.86605532,31,Ancestral,Derived,Derived,Derived
13175,-34.12566522,32,Ancestral,Derived,Derived,Derived
13177,-33.85549921,NA,Ancestral,Ancestral,Derived,Ancestral
13178,-33.7362479,NA,Ancestral,Ancestral,Derived,Ancestral
13179,-34.22380129,29,Ancestral,Derived,Derived,Derived
13183,-34.20124738,31,Ancestral,Derived,Derived,Derived
13578,-33.32328189,35,Ancestral,Ancestral,Ancestral,Derived
13580,-32.97943752,NA,Ancestral,Ancestral,Derived,Ancestral
13581,-32.35665322,NA,Derived,Ancestral,Ancestral,Ancestral
13582,-33.10986594,33,Ancestral,Ancestral,Ancestral,Derived
13583,-33.21171598,36,Ancestral,Ancestral,Ancestral,Derived
15668,-32.841322,37.5,Ancestral,Ancestral,Ancestral,Derived
15669,-33.47655066,38,Derived,Ancestral,Ancestral,Derived
15670,-32.8239882,37.5,Ancestral,Ancestral,Derived,Derived
15671,-33.39952034,37.5,Ancestral,Ancestral,Derived,Derived
15672,-32.77925964,NA,Ancestral,Ancestral,Ancestral,Ancestral
15673,-32.94388512,NA,Ancestral,Ancestral,Ancestral,Ancestral
15674,-32.3227158,35,Derived,Ancestral,Ancestral,Derived
15675,-34.29778227,32,Ancestral,Derived,Derived,Derived
16150,-33.07148521,38,Ancestral,Ancestral,Ancestral,Derived
16151,-33.82308653,33,Ancestral,Derived,Derived,Derived
16292,-33.14599977,34.5,Ancestral,Ancestral,Ancestral,Derived
16293,-33.97686012,36.5,Ancestral,Ancestral,Derived,Derived
20681,-34.19732863,32,Ancestral,Derived,Ancestral,Derived
20682,-34.38844645,30,Ancestral,Derived,Ancestral,Derived
20683,-33.34157326,37,Ancestral,Ancestral,Ancestral,Derived
20684,-32.66872554,29.5,Ancestral,Ancestral,Derived,Derived
20685,-34.42257901,34,Ancestral,Derived,Derived,Derived
20686,-34.39118615,33.5,Ancestral,Derived,Derived,Derived
20687,-34.3390908,33.5,Ancestral,Derived,Derived,Derived
22013,-34.03849911,33,Ancestral,Derived,Derived,Derived
22609,-34.51757629,41,Ancestral,Ancestral,Ancestral,Derived
22615,-33.4497167,35.5,Ancestral,Ancestral,Ancestral,Derived
22616,-33.19277934,38,Derived,Ancestral,Ancestral,Derived
22617,-33.80381427,37,Derived,Ancestral,Ancestral,Derived
22618,-33.89766735,NA,Ancestral,Ancestral,Derived,Ancestral
22619,-32.54379108,43,Derived,Ancestral,Derived,Ancestral
22620,-33.4037523,35.5,Derived,Derived,Ancestral,Derived
22622,-33.89120346,34,Derived,Ancestral,Derived,Derived
22623,-32.75311989,44,Derived,Ancestral,Derived,Derived
22624,-33.59014839,NA,Ancestral,Ancestral,Derived,Ancestral
22626,-32.81808905,38.5,Ancestral,Ancestral,Ancestral,Derived
22627,-33.11288112,29.5,Ancestral,Ancestral,Derived,Derived
22628,-33.50198963,36,Ancestral,Derived,Derived,Derived
22629,NA,NA,Derived,Ancestral,Ancestral,Derived
22630,-33.60307126,38.5,Derived,Ancestral,Ancestral,Derived
22631,-34.23039188,31,Ancestral,Derived,Ancestral,Derived
22632,-33.72429291,35,Derived,Derived,Ancestral,Derived
22633,-34.08699569,34,Ancestral,Derived,Derived,Derived
22634,-33.0638395,36,Ancestral,Ancestral,Ancestral,Derived
22636,-32.88912915,33,Ancestral,Ancestral,Ancestral,Derived
22637,-34.20891422,36,Derived,Derived,Derived,Derived
22639,-33.67398019,37,Ancestral,Ancestral,Ancestral,Derived
22641,-32.94955949,33.5,Derived,Ancestral,Ancestral,Derived
22642,-32.78937145,33,Derived,Ancestral,Ancestral,Derived
22643,-33.45866991,39.5,Derived,Ancestral,Ancestral,Derived
27158,-33.56854448,NA,Derived,Ancestral,Derived,Ancestral
27160,-32.82327766,32,Derived,Ancestral,Derived,Derived
27161,-34.30146982,31,Ancestral,Derived,Ancestral,Derived
27162,-34.16273987,32,Ancestral,Derived,Ancestral,Derived
27163,-32.81284503,42,Derived,Ancestral,Derived,Derived
27165,-33.82846345,37.5,Derived,Ancestral,Ancestral,Derived
27169,-32.83836666,32,Ancestral,Ancestral,Ancestral,Derived
27170,NA,31.5,Ancestral,Derived,Ancestral,Derived
27172,-33.77621538,41,Derived,Ancestral,Ancestral,Derived
27174,-33.79182786,35.5,Derived,Derived,Derived,Derived
27175,-32.90082852,41,Derived,Ancestral,Ancestral,Derived
27177,-34.31393075,31.5,Ancestral,Derived,Derived,Derived
27179,-33.63498849,38,Derived,Ancestral,Ancestral,Derived
27180,-32.60955893,32,Derived,Ancestral,Ancestral,Derived
27181,-33.06473932,NA,Ancestral,Derived,Derived,Ancestral
27182,-32.88638139,38.5,Derived,Ancestral,Ancestral,Derived
2876_A,-33.49817114,25.5,Ancestral,Derived,Derived,Derived
2876_AA,-34.14334299,33,Ancestral,Derived,Derived,Derived
2876_AB,-33.41053702,37,Derived,Derived,Ancestral,Derived
2876_AC,-32.44133192,35,Ancestral,Ancestral,Ancestral,Derived
2876_AD,-33.70909448,40,Derived,Ancestral,Ancestral,Derived
2876_AE,-33.90078702,NA,Ancestral,Ancestral,Derived,Ancestral
2876_AF,-33.4014365,36.5,Ancestral,Ancestral,Derived,Derived
2876_AK,-32.51228826,NA,Ancestral,Ancestral,Derived,Ancestral
2876_AL,-34.05995998,34.5,Ancestral,Ancestral,Ancestral,Derived
2876_AM,-32.93812558,NA,Derived,Ancestral,Derived,Ancestral
2876_AN,-33.93478531,34.5,Ancestral,Ancestral,Derived,Derived
2876_AO,-32.95902161,37,Derived,Derived,Ancestral,Derived
2876_AP,-32.60663265,36.5,Ancestral,Ancestral,Ancestral,Derived
2876_AR,-34.42595593,30,Ancestral,Derived,Derived,Derived
2876_AS,-34.56138106,31,Ancestral,Derived,Derived,Derived
2876_AT,-33.97402103,30.5,Ancestral,Derived,Derived,Derived
2876_AU,-34.25581396,NA,Ancestral,Ancestral,Derived,Ancestral
2876_AV,-33.63674317,37.5,Derived,Ancestral,Ancestral,Derived
2876_AW,-33.73314115,34.5,Derived,Ancestral,Ancestral,Derived
2876_B,-33.08674492,31,Ancestral,Ancestral,Derived,Derived
2876_C,-34.41061282,29,Ancestral,Derived,Ancestral,Derived
2876_D,-33.97754495,34,Ancestral,Derived,Ancestral,Derived
2876_E,-34.26316517,28,Ancestral,Derived,Derived,Derived
2876_F,-33.87280725,31.5,Derived,Derived,Ancestral,Derived
2876_G,-34.28912432,32,Ancestral,Derived,Derived,Derived
2876_H,-34.44517315,31.5,Ancestral,Derived,Derived,Derived
2876_I,-32.94279437,31,Ancestral,Ancestral,Derived,Derived
2876_J,-34.31817882,34,Ancestral,Derived,Derived,Derived
2876_K,-34.53871786,30,Ancestral,Derived,Derived,Derived
2876_L,-34.40337043,30.5,Ancestral,Derived,Derived,Derived
2876_M,-34.29827212,33,Ancestral,Derived,Ancestral,Derived
2876_N,-34.27753832,31.5,Ancestral,Derived,Ancestral,Derived
2876_O,-34.26998654,30,Ancestral,Derived,Ancestral,Derived
2876_P,-34.29282741,32,Ancestral,Derived,Derived,Derived
2876_Q,-33.96946024,31.5,Ancestral,Derived,Derived,Derived
2876_R,-33.74817833,33.5,Derived,Derived,Ancestral,Derived
2876_S,-33.48101601,31.5,Derived,Ancestral,Ancestral,Derived
2876_T,-33.69226971,39.5,Derived,Ancestral,Ancestral,Derived
2876_U,-32.77222349,40,Derived,Ancestral,Ancestral,Derived
2876_V,-33.12324197,35,Ancestral,Ancestral,Ancestral,Derived
2876_W,-32.73866786,36.5,Ancestral,Ancestral,Derived,Derived
2876_X,-33.00228132,38.5,Derived,Ancestral,Ancestral,Derived
2876_Y,-33.76520517,33,Derived,Derived,Ancestral,Derived
2876_Z,-33.70033421,41,Derived,Ancestral,Ancestral,Derived
3536_AE,-32.58055027,NA,Ancestral,Ancestral,Ancestral,Ancestral
3536_W,-34.36482238,41,Ancestral,Ancestral,Ancestral,Derived
3536_X,-34.06659637,34.5,Ancestral,Derived,Derived,Derived
3541_AB,-33.97527603,38,Ancestral,Ancestral,Ancestral,Derived
3541_AF,-32.18201727,NA,Ancestral,Ancestral,Ancestral,Ancestral
3541_F,-32.98397411,36.5,Ancestral,Ancestral,Ancestral,Derived
3541_H,-33.27291204,45,Derived,Ancestral,Derived,Ancestral
3541_L,-33.99086113,36.5,Ancestral,Ancestral,Ancestral,Derived
3541_N,-33.36491626,39,Derived,Ancestral,Derived,Ancestral
3541_T,-33.804658,28.5,Ancestral,Derived,Derived,Derived
3541_Y,-32.0961583,NA,Ancestral,Ancestral,Ancestral,Ancestral
35516,-32.75311564,39.5,Ancestral,Ancestral,Ancestral,Derived
35517,-33.48883588,NA,Ancestral,Ancestral,Derived,Ancestral
35518,-33.81820788,41,Ancestral,Ancestral,Ancestral,Derived
35519,-33.76637116,40.5,Derived,Ancestral,Ancestral,Derived
3619_P,-33.17853809,NA,Derived,Ancestral,Derived,Ancestral
3968_A,NA,36,Ancestral,Ancestral,Ancestral,Derived
3968_AA,NA,NA,Derived,Ancestral,Derived,Ancestral
3968_AB,NA,NA,Derived,Ancestral,Derived,Ancestral
3968_AC,NA,NA,Ancestral,Ancestral,Derived,Ancestral
3968_AD,NA,43,Derived,Ancestral,Derived,Ancestral
3968_AE,NA,34,Ancestral,Derived,Derived,Derived
3968_AF,NA,32,Ancestral,Derived,Derived,Derived
3968_AG,NA,30,Ancestral,Derived,Derived,Derived
3968_AH,-34.35432064,31.5,Ancestral,Derived,Derived,Derived
3968_AI,NA,NA,Ancestral,Derived,Derived,Derived
3968_AJ,-33.57882155,NA,Ancestral,Ancestral,Ancestral,Ancestral
3968_AK,NA,34,Ancestral,Derived,Derived,Derived
3968_AL,NA,31,Derived,Derived,Derived,Derived
3968_AM,NA,34.5,Ancestral,Ancestral,Ancestral,Derived
3968_AN,NA,41,Ancestral,Ancestral,Ancestral,Derived
3968_AO,NA,39,Ancestral,Ancestral,Ancestral,Derived
3968_AP,NA,36.5,Derived,Ancestral,Derived,Derived
3968_AQ,NA,30,Ancestral,Derived,Derived,Derived
3968_AR,NA,36,Ancestral,Derived,Derived,Derived
3968_B,NA,36,Ancestral,Ancestral,Ancestral,Derived
3968_C,NA,36,Ancestral,Ancestral,Ancestral,Derived
3968_E,NA,40,Ancestral,Ancestral,Ancestral,Derived
3968_F,NA,43,Ancestral,Ancestral,Ancestral,Derived
3968_G,NA,39,Ancestral,Ancestral,Ancestral,Derived
3968_H,NA,38,Ancestral,Ancestral,Ancestral,Derived
3968_I,NA,34.5,Ancestral,Ancestral,Ancestral,Derived
3968_J,NA,38,Ancestral,Ancestral,Ancestral,Derived
3968_K,NA,NA,Ancestral,Ancestral,Ancestral,Ancestral
3968_L,NA,NA,Ancestral,Ancestral,Ancestral,Ancestral
3968_M,NA,NA,Ancestral,Ancestral,Ancestral,Ancestral
3968_N,NA,NA,Ancestral,Ancestral,Ancestral,Ancestral
3968_O,NA,NA,Ancestral,Ancestral,Ancestral,Ancestral
3968_P,NA,NA,Ancestral,Ancestral,Ancestral,Ancestral
3968_Q,NA,NA,Ancestral,Ancestral,Ancestral,Ancestral
3968_R,NA,NA,Ancestral,Ancestral,Ancestral,Ancestral
3968_S,NA,NA,Ancestral,Ancestral,Ancestral,Ancestral
3968_T,NA,NA,Derived,Ancestral,Ancestral,Ancestral
3968_U,NA,NA,Derived,Ancestral,Ancestral,Ancestral
3968_V,NA,38,Derived,Ancestral,Derived,Derived
3968_W,NA,42,Derived,Ancestral,Derived,Derived
3968_X,NA,NA,Derived,Ancestral,Derived,Ancestral
3968_Y,NA,NA,Derived,Ancestral,Derived,Ancestral
3968_Z,NA,NA,Derived,Ancestral,Derived,Ancestral
4073_A,NA,NA,Ancestral,Derived,Ancestral,Derived
4073_B,NA,NA,Ancestral,Ancestral,Derived,Derived
4073_C,NA,NA,Derived,Ancestral,Derived,Derived
4073_D,NA,NA,Derived,Ancestral,Ancestral,Derived
4073_E,NA,NA,Derived,Ancestral,Ancestral,Derived
4073_I,NA,NA,Ancestral,Ancestral,Derived,Ancestral
4073_J,NA,NA,Ancestral,Ancestral,Ancestral,Ancestral
4073_K,NA,NA,Derived,Derived,Derived,Derived